DateKey,Merged
20050101,01-01-2005
20050102,02-01-2005
20050103,03-01-2005
20050104,04-01-2005
20050105,05-01-2005
20050106,06-01-2005
20050107,07-01-2005
20050108,08-01-2005
20050109,09-01-2005
20050110,10-01-2005
20050111,11-01-2005
20050112,12-01-2005
20050113,13-01-2005
20050114,14-01-2005
20050115,15-01-2005
20050116,16-01-2005
20050117,17-01-2005
20050118,18-01-2005
20050119,19-01-2005
20050120,20-01-2005
20050121,21-01-2005
20050122,22-01-2005
20050123,23-01-2005
20050124,24-01-2005
20050125,25-01-2005
20050126,26-01-2005
20050127,27-01-2005
20050128,28-01-2005
20050129,29-01-2005
20050130,30-01-2005
20050131,31-01-2005
20050201,01-02-2005
20050202,02-02-2005
20050203,03-02-2005
20050204,04-02-2005
20050205,05-02-2005
20050206,06-02-2005
20050207,07-02-2005
20050208,08-02-2005
20050209,09-02-2005
20050210,10-02-2005
20050211,11-02-2005
20050212,12-02-2005
20050213,13-02-2005
20050214,14-02-2005
20050215,15-02-2005
20050216,16-02-2005
20050217,17-02-2005
20050218,18-02-2005
20050219,19-02-2005
20050220,20-02-2005
20050221,21-02-2005
20050222,22-02-2005
20050223,23-02-2005
20050224,24-02-2005
20050225,25-02-2005
20050226,26-02-2005
20050227,27-02-2005
20050228,28-02-2005
20050301,01-03-2005
20050302,02-03-2005
20050303,03-03-2005
20050304,04-03-2005
20050305,05-03-2005
20050306,06-03-2005
20050307,07-03-2005
20050308,08-03-2005
20050309,09-03-2005
20050310,10-03-2005
20050311,11-03-2005
20050312,12-03-2005
20050313,13-03-2005
20050314,14-03-2005
20050315,15-03-2005
20050316,16-03-2005
20050317,17-03-2005
20050318,18-03-2005
20050319,19-03-2005
20050320,20-03-2005
20050321,21-03-2005
20050322,22-03-2005
20050323,23-03-2005
20050324,24-03-2005
20050325,25-03-2005
20050326,26-03-2005
20050327,27-03-2005
20050328,28-03-2005
20050329,29-03-2005
20050330,30-03-2005
20050331,31-03-2005
20050401,01-04-2005
20050402,02-04-2005
20050403,03-04-2005
20050404,04-04-2005
20050405,05-04-2005
20050406,06-04-2005
20050407,07-04-2005
20050408,08-04-2005
20050409,09-04-2005
20050410,10-04-2005
20050411,11-04-2005
20050412,12-04-2005
20050413,13-04-2005
20050414,14-04-2005
20050415,15-04-2005
20050416,16-04-2005
20050417,17-04-2005
20050418,18-04-2005
20050419,19-04-2005
20050420,20-04-2005
20050421,21-04-2005
20050422,22-04-2005
20050423,23-04-2005
20050424,24-04-2005
20050425,25-04-2005
20050426,26-04-2005
20050427,27-04-2005
20050428,28-04-2005
20050429,29-04-2005
20050430,30-04-2005
20050501,01-05-2005
20050502,02-05-2005
20050503,03-05-2005
20050504,04-05-2005
20050505,05-05-2005
20050506,06-05-2005
20050507,07-05-2005
20050508,08-05-2005
20050509,09-05-2005
20050510,10-05-2005
20050511,11-05-2005
20050512,12-05-2005
20050513,13-05-2005
20050514,14-05-2005
20050515,15-05-2005
20050516,16-05-2005
20050517,17-05-2005
20050518,18-05-2005
20050519,19-05-2005
20050520,20-05-2005
20050521,21-05-2005
20050522,22-05-2005
20050523,23-05-2005
20050524,24-05-2005
20050525,25-05-2005
20050526,26-05-2005
20050527,27-05-2005
20050528,28-05-2005
20050529,29-05-2005
20050530,30-05-2005
20050531,31-05-2005
20050601,01-06-2005
20050602,02-06-2005
20050603,03-06-2005
20050604,04-06-2005
20050605,05-06-2005
20050606,06-06-2005
20050607,07-06-2005
20050608,08-06-2005
20050609,09-06-2005
20050610,10-06-2005
20050611,11-06-2005
20050612,12-06-2005
20050613,13-06-2005
20050614,14-06-2005
20050615,15-06-2005
20050616,16-06-2005
20050617,17-06-2005
20050618,18-06-2005
20050619,19-06-2005
20050620,20-06-2005
20050621,21-06-2005
20050622,22-06-2005
20050623,23-06-2005
20050624,24-06-2005
20050625,25-06-2005
20050626,26-06-2005
20050627,27-06-2005
20050628,28-06-2005
20050629,29-06-2005
20050630,30-06-2005
20050701,01-07-2005
20050702,02-07-2005
20050703,03-07-2005
20050704,04-07-2005
20050705,05-07-2005
20050706,06-07-2005
20050707,07-07-2005
20050708,08-07-2005
20050709,09-07-2005
20050710,10-07-2005
20050711,11-07-2005
20050712,12-07-2005
20050713,13-07-2005
20050714,14-07-2005
20050715,15-07-2005
20050716,16-07-2005
20050717,17-07-2005
20050718,18-07-2005
20050719,19-07-2005
20050720,20-07-2005
20050721,21-07-2005
20050722,22-07-2005
20050723,23-07-2005
20050724,24-07-2005
20050725,25-07-2005
20050726,26-07-2005
20050727,27-07-2005
20050728,28-07-2005
20050729,29-07-2005
20050730,30-07-2005
20050731,31-07-2005
20050801,01-08-2005
20050802,02-08-2005
20050803,03-08-2005
20050804,04-08-2005
20050805,05-08-2005
20050806,06-08-2005
20050807,07-08-2005
20050808,08-08-2005
20050809,09-08-2005
20050810,10-08-2005
20050811,11-08-2005
20050812,12-08-2005
20050813,13-08-2005
20050814,14-08-2005
20050815,15-08-2005
20050816,16-08-2005
20050817,17-08-2005
20050818,18-08-2005
20050819,19-08-2005
20050820,20-08-2005
20050821,21-08-2005
20050822,22-08-2005
20050823,23-08-2005
20050824,24-08-2005
20050825,25-08-2005
20050826,26-08-2005
20050827,27-08-2005
20050828,28-08-2005
20050829,29-08-2005
20050830,30-08-2005
20050831,31-08-2005
20050901,01-09-2005
20050902,02-09-2005
20050903,03-09-2005
20050904,04-09-2005
20050905,05-09-2005
20050906,06-09-2005
20050907,07-09-2005
20050908,08-09-2005
20050909,09-09-2005
20050910,10-09-2005
20050911,11-09-2005
20050912,12-09-2005
20050913,13-09-2005
20050914,14-09-2005
20050915,15-09-2005
20050916,16-09-2005
20050917,17-09-2005
20050918,18-09-2005
20050919,19-09-2005
20050920,20-09-2005
20050921,21-09-2005
20050922,22-09-2005
20050923,23-09-2005
20050924,24-09-2005
20050925,25-09-2005
20050926,26-09-2005
20050927,27-09-2005
20050928,28-09-2005
20050929,29-09-2005
20050930,30-09-2005
20051001,01-10-2005
20051002,02-10-2005
20051003,03-10-2005
20051004,04-10-2005
20051005,05-10-2005
20051006,06-10-2005
20051007,07-10-2005
20051008,08-10-2005
20051009,09-10-2005
20051010,10-10-2005
20051011,11-10-2005
20051012,12-10-2005
20051013,13-10-2005
20051014,14-10-2005
20051015,15-10-2005
20051016,16-10-2005
20051017,17-10-2005
20051018,18-10-2005
20051019,19-10-2005
20051020,20-10-2005
20051021,21-10-2005
20051022,22-10-2005
20051023,23-10-2005
20051024,24-10-2005
20051025,25-10-2005
20051026,26-10-2005
20051027,27-10-2005
20051028,28-10-2005
20051029,29-10-2005
20051030,30-10-2005
20051031,31-10-2005
20051101,01-11-2005
20051102,02-11-2005
20051103,03-11-2005
20051104,04-11-2005
20051105,05-11-2005
20051106,06-11-2005
20051107,07-11-2005
20051108,08-11-2005
20051109,09-11-2005
20051110,10-11-2005
20051111,11-11-2005
20051112,12-11-2005
20051113,13-11-2005
20051114,14-11-2005
20051115,15-11-2005
20051116,16-11-2005
20051117,17-11-2005
20051118,18-11-2005
20051119,19-11-2005
20051120,20-11-2005
20051121,21-11-2005
20051122,22-11-2005
20051123,23-11-2005
20051124,24-11-2005
20051125,25-11-2005
20051126,26-11-2005
20051127,27-11-2005
20051128,28-11-2005
20051129,29-11-2005
20051130,30-11-2005
20051201,01-12-2005
20051202,02-12-2005
20051203,03-12-2005
20051204,04-12-2005
20051205,05-12-2005
20051206,06-12-2005
20051207,07-12-2005
20051208,08-12-2005
20051209,09-12-2005
20051210,10-12-2005
20051211,11-12-2005
20051212,12-12-2005
20051213,13-12-2005
20051214,14-12-2005
20051215,15-12-2005
20051216,16-12-2005
20051217,17-12-2005
20051218,18-12-2005
20051219,19-12-2005
20051220,20-12-2005
20051221,21-12-2005
20051222,22-12-2005
20051223,23-12-2005
20051224,24-12-2005
20051225,25-12-2005
20051226,26-12-2005
20051227,27-12-2005
20051228,28-12-2005
20051229,29-12-2005
20051230,30-12-2005
20051231,31-12-2005
20060101,01-01-2006
20060102,02-01-2006
20060103,03-01-2006
20060104,04-01-2006
20060105,05-01-2006
20060106,06-01-2006
20060107,07-01-2006
20060108,08-01-2006
20060109,09-01-2006
20060110,10-01-2006
20060111,11-01-2006
20060112,12-01-2006
20060113,13-01-2006
20060114,14-01-2006
20060115,15-01-2006
20060116,16-01-2006
20060117,17-01-2006
20060118,18-01-2006
20060119,19-01-2006
20060120,20-01-2006
20060121,21-01-2006
20060122,22-01-2006
20060123,23-01-2006
20060124,24-01-2006
20060125,25-01-2006
20060126,26-01-2006
20060127,27-01-2006
20060128,28-01-2006
20060129,29-01-2006
20060130,30-01-2006
20060131,31-01-2006
20060201,01-02-2006
20060202,02-02-2006
20060203,03-02-2006
20060204,04-02-2006
20060205,05-02-2006
20060206,06-02-2006
20060207,07-02-2006
20060208,08-02-2006
20060209,09-02-2006
20060210,10-02-2006
20060211,11-02-2006
20060212,12-02-2006
20060213,13-02-2006
20060214,14-02-2006
20060215,15-02-2006
20060216,16-02-2006
20060217,17-02-2006
20060218,18-02-2006
20060219,19-02-2006
20060220,20-02-2006
20060221,21-02-2006
20060222,22-02-2006
20060223,23-02-2006
20060224,24-02-2006
20060225,25-02-2006
20060226,26-02-2006
20060227,27-02-2006
20060228,28-02-2006
20060301,01-03-2006
20060302,02-03-2006
20060303,03-03-2006
20060304,04-03-2006
20060305,05-03-2006
20060306,06-03-2006
20060307,07-03-2006
20060308,08-03-2006
20060309,09-03-2006
20060310,10-03-2006
20060311,11-03-2006
20060312,12-03-2006
20060313,13-03-2006
20060314,14-03-2006
20060315,15-03-2006
20060316,16-03-2006
20060317,17-03-2006
20060318,18-03-2006
20060319,19-03-2006
20060320,20-03-2006
20060321,21-03-2006
20060322,22-03-2006
20060323,23-03-2006
20060324,24-03-2006
20060325,25-03-2006
20060326,26-03-2006
20060327,27-03-2006
20060328,28-03-2006
20060329,29-03-2006
20060330,30-03-2006
20060331,31-03-2006
20060401,01-04-2006
20060402,02-04-2006
20060403,03-04-2006
20060404,04-04-2006
20060405,05-04-2006
20060406,06-04-2006
20060407,07-04-2006
20060408,08-04-2006
20060409,09-04-2006
20060410,10-04-2006
20060411,11-04-2006
20060412,12-04-2006
20060413,13-04-2006
20060414,14-04-2006
20060415,15-04-2006
20060416,16-04-2006
20060417,17-04-2006
20060418,18-04-2006
20060419,19-04-2006
20060420,20-04-2006
20060421,21-04-2006
20060422,22-04-2006
20060423,23-04-2006
20060424,24-04-2006
20060425,25-04-2006
20060426,26-04-2006
20060427,27-04-2006
20060428,28-04-2006
20060429,29-04-2006
20060430,30-04-2006
20060501,01-05-2006
20060502,02-05-2006
20060503,03-05-2006
20060504,04-05-2006
20060505,05-05-2006
20060506,06-05-2006
20060507,07-05-2006
20060508,08-05-2006
20060509,09-05-2006
20060510,10-05-2006
20060511,11-05-2006
20060512,12-05-2006
20060513,13-05-2006
20060514,14-05-2006
20060515,15-05-2006
20060516,16-05-2006
20060517,17-05-2006
20060518,18-05-2006
20060519,19-05-2006
20060520,20-05-2006
20060521,21-05-2006
20060522,22-05-2006
20060523,23-05-2006
20060524,24-05-2006
20060525,25-05-2006
20060526,26-05-2006
20060527,27-05-2006
20060528,28-05-2006
20060529,29-05-2006
20060530,30-05-2006
20060531,31-05-2006
20060601,01-06-2006
20060602,02-06-2006
20060603,03-06-2006
20060604,04-06-2006
20060605,05-06-2006
20060606,06-06-2006
20060607,07-06-2006
20060608,08-06-2006
20060609,09-06-2006
20060610,10-06-2006
20060611,11-06-2006
20060612,12-06-2006
20060613,13-06-2006
20060614,14-06-2006
20060615,15-06-2006
20060616,16-06-2006
20060617,17-06-2006
20060618,18-06-2006
20060619,19-06-2006
20060620,20-06-2006
20060621,21-06-2006
20060622,22-06-2006
20060623,23-06-2006
20060624,24-06-2006
20060625,25-06-2006
20060626,26-06-2006
20060627,27-06-2006
20060628,28-06-2006
20060629,29-06-2006
20060630,30-06-2006
20060701,01-07-2006
20060702,02-07-2006
20060703,03-07-2006
20060704,04-07-2006
20060705,05-07-2006
20060706,06-07-2006
20060707,07-07-2006
20060708,08-07-2006
20060709,09-07-2006
20060710,10-07-2006
20060711,11-07-2006
20060712,12-07-2006
20060713,13-07-2006
20060714,14-07-2006
20060715,15-07-2006
20060716,16-07-2006
20060717,17-07-2006
20060718,18-07-2006
20060719,19-07-2006
20060720,20-07-2006
20060721,21-07-2006
20060722,22-07-2006
20060723,23-07-2006
20060724,24-07-2006
20060725,25-07-2006
20060726,26-07-2006
20060727,27-07-2006
20060728,28-07-2006
20060729,29-07-2006
20060730,30-07-2006
20060731,31-07-2006
20060801,01-08-2006
20060802,02-08-2006
20060803,03-08-2006
20060804,04-08-2006
20060805,05-08-2006
20060806,06-08-2006
20060807,07-08-2006
20060808,08-08-2006
20060809,09-08-2006
20060810,10-08-2006
20060811,11-08-2006
20060812,12-08-2006
20060813,13-08-2006
20060814,14-08-2006
20060815,15-08-2006
20060816,16-08-2006
20060817,17-08-2006
20060818,18-08-2006
20060819,19-08-2006
20060820,20-08-2006
20060821,21-08-2006
20060822,22-08-2006
20060823,23-08-2006
20060824,24-08-2006
20060825,25-08-2006
20060826,26-08-2006
20060827,27-08-2006
20060828,28-08-2006
20060829,29-08-2006
20060830,30-08-2006
20060831,31-08-2006
20060901,01-09-2006
20060902,02-09-2006
20060903,03-09-2006
20060904,04-09-2006
20060905,05-09-2006
20060906,06-09-2006
20060907,07-09-2006
20060908,08-09-2006
20060909,09-09-2006
20060910,10-09-2006
20060911,11-09-2006
20060912,12-09-2006
20060913,13-09-2006
20060914,14-09-2006
20060915,15-09-2006
20060916,16-09-2006
20060917,17-09-2006
20060918,18-09-2006
20060919,19-09-2006
20060920,20-09-2006
20060921,21-09-2006
20060922,22-09-2006
20060923,23-09-2006
20060924,24-09-2006
20060925,25-09-2006
20060926,26-09-2006
20060927,27-09-2006
20060928,28-09-2006
20060929,29-09-2006
20060930,30-09-2006
20061001,01-10-2006
20061002,02-10-2006
20061003,03-10-2006
20061004,04-10-2006
20061005,05-10-2006
20061006,06-10-2006
20061007,07-10-2006
20061008,08-10-2006
20061009,09-10-2006
20061010,10-10-2006
20061011,11-10-2006
20061012,12-10-2006
20061013,13-10-2006
20061014,14-10-2006
20061015,15-10-2006
20061016,16-10-2006
20061017,17-10-2006
20061018,18-10-2006
20061019,19-10-2006
20061020,20-10-2006
20061021,21-10-2006
20061022,22-10-2006
20061023,23-10-2006
20061024,24-10-2006
20061025,25-10-2006
20061026,26-10-2006
20061027,27-10-2006
20061028,28-10-2006
20061029,29-10-2006
20061030,30-10-2006
20061031,31-10-2006
20061101,01-11-2006
20061102,02-11-2006
20061103,03-11-2006
20061104,04-11-2006
20061105,05-11-2006
20061106,06-11-2006
20061107,07-11-2006
20061108,08-11-2006
20061109,09-11-2006
20061110,10-11-2006
20061111,11-11-2006
20061112,12-11-2006
20061113,13-11-2006
20061114,14-11-2006
20061115,15-11-2006
20061116,16-11-2006
20061117,17-11-2006
20061118,18-11-2006
20061119,19-11-2006
20061120,20-11-2006
20061121,21-11-2006
20061122,22-11-2006
20061123,23-11-2006
20061124,24-11-2006
20061125,25-11-2006
20061126,26-11-2006
20061127,27-11-2006
20061128,28-11-2006
20061129,29-11-2006
20061130,30-11-2006
20061201,01-12-2006
20061202,02-12-2006
20061203,03-12-2006
20061204,04-12-2006
20061205,05-12-2006
20061206,06-12-2006
20061207,07-12-2006
20061208,08-12-2006
20061209,09-12-2006
20061210,10-12-2006
20061211,11-12-2006
20061212,12-12-2006
20061213,13-12-2006
20061214,14-12-2006
20061215,15-12-2006
20061216,16-12-2006
20061217,17-12-2006
20061218,18-12-2006
20061219,19-12-2006
20061220,20-12-2006
20061221,21-12-2006
20061222,22-12-2006
20061223,23-12-2006
20061224,24-12-2006
20061225,25-12-2006
20061226,26-12-2006
20061227,27-12-2006
20061228,28-12-2006
20061229,29-12-2006
20061230,30-12-2006
20061231,31-12-2006
20070101,01-01-2007
20070102,02-01-2007
20070103,03-01-2007
20070104,04-01-2007
20070105,05-01-2007
20070106,06-01-2007
20070107,07-01-2007
20070108,08-01-2007
20070109,09-01-2007
20070110,10-01-2007
20070111,11-01-2007
20070112,12-01-2007
20070113,13-01-2007
20070114,14-01-2007
20070115,15-01-2007
20070116,16-01-2007
20070117,17-01-2007
20070118,18-01-2007
20070119,19-01-2007
20070120,20-01-2007
20070121,21-01-2007
20070122,22-01-2007
20070123,23-01-2007
20070124,24-01-2007
20070125,25-01-2007
20070126,26-01-2007
20070127,27-01-2007
20070128,28-01-2007
20070129,29-01-2007
20070130,30-01-2007
20070131,31-01-2007
20070201,01-02-2007
20070202,02-02-2007
20070203,03-02-2007
20070204,04-02-2007
20070205,05-02-2007
20070206,06-02-2007
20070207,07-02-2007
20070208,08-02-2007
20070209,09-02-2007
20070210,10-02-2007
20070211,11-02-2007
20070212,12-02-2007
20070213,13-02-2007
20070214,14-02-2007
20070215,15-02-2007
20070216,16-02-2007
20070217,17-02-2007
20070218,18-02-2007
20070219,19-02-2007
20070220,20-02-2007
20070221,21-02-2007
20070222,22-02-2007
20070223,23-02-2007
20070224,24-02-2007
20070225,25-02-2007
20070226,26-02-2007
20070227,27-02-2007
20070228,28-02-2007
20070301,01-03-2007
20070302,02-03-2007
20070303,03-03-2007
20070304,04-03-2007
20070305,05-03-2007
20070306,06-03-2007
20070307,07-03-2007
20070308,08-03-2007
20070309,09-03-2007
20070310,10-03-2007
20070311,11-03-2007
20070312,12-03-2007
20070313,13-03-2007
20070314,14-03-2007
20070315,15-03-2007
20070316,16-03-2007
20070317,17-03-2007
20070318,18-03-2007
20070319,19-03-2007
20070320,20-03-2007
20070321,21-03-2007
20070322,22-03-2007
20070323,23-03-2007
20070324,24-03-2007
20070325,25-03-2007
20070326,26-03-2007
20070327,27-03-2007
20070328,28-03-2007
20070329,29-03-2007
20070330,30-03-2007
20070331,31-03-2007
20070401,01-04-2007
20070402,02-04-2007
20070403,03-04-2007
20070404,04-04-2007
20070405,05-04-2007
20070406,06-04-2007
20070407,07-04-2007
20070408,08-04-2007
20070409,09-04-2007
20070410,10-04-2007
20070411,11-04-2007
20070412,12-04-2007
20070413,13-04-2007
20070414,14-04-2007
20070415,15-04-2007
20070416,16-04-2007
20070417,17-04-2007
20070418,18-04-2007
20070419,19-04-2007
20070420,20-04-2007
20070421,21-04-2007
20070422,22-04-2007
20070423,23-04-2007
20070424,24-04-2007
20070425,25-04-2007
20070426,26-04-2007
20070427,27-04-2007
20070428,28-04-2007
20070429,29-04-2007
20070430,30-04-2007
20070501,01-05-2007
20070502,02-05-2007
20070503,03-05-2007
20070504,04-05-2007
20070505,05-05-2007
20070506,06-05-2007
20070507,07-05-2007
20070508,08-05-2007
20070509,09-05-2007
20070510,10-05-2007
20070511,11-05-2007
20070512,12-05-2007
20070513,13-05-2007
20070514,14-05-2007
20070515,15-05-2007
20070516,16-05-2007
20070517,17-05-2007
20070518,18-05-2007
20070519,19-05-2007
20070520,20-05-2007
20070521,21-05-2007
20070522,22-05-2007
20070523,23-05-2007
20070524,24-05-2007
20070525,25-05-2007
20070526,26-05-2007
20070527,27-05-2007
20070528,28-05-2007
20070529,29-05-2007
20070530,30-05-2007
20070531,31-05-2007
20070601,01-06-2007
20070602,02-06-2007
20070603,03-06-2007
20070604,04-06-2007
20070605,05-06-2007
20070606,06-06-2007
20070607,07-06-2007
20070608,08-06-2007
20070609,09-06-2007
20070610,10-06-2007
20070611,11-06-2007
20070612,12-06-2007
20070613,13-06-2007
20070614,14-06-2007
20070615,15-06-2007
20070616,16-06-2007
20070617,17-06-2007
20070618,18-06-2007
20070619,19-06-2007
20070620,20-06-2007
20070621,21-06-2007
20070622,22-06-2007
20070623,23-06-2007
20070624,24-06-2007
20070625,25-06-2007
20070626,26-06-2007
20070627,27-06-2007
20070628,28-06-2007
20070629,29-06-2007
20070630,30-06-2007
20070701,01-07-2007
20070702,02-07-2007
20070703,03-07-2007
20070704,04-07-2007
20070705,05-07-2007
20070706,06-07-2007
20070707,07-07-2007
20070708,08-07-2007
20070709,09-07-2007
20070710,10-07-2007
20070711,11-07-2007
20070712,12-07-2007
20070713,13-07-2007
20070714,14-07-2007
20070715,15-07-2007
20070716,16-07-2007
20070717,17-07-2007
20070718,18-07-2007
20070719,19-07-2007
20070720,20-07-2007
20070721,21-07-2007
20070722,22-07-2007
20070723,23-07-2007
20070724,24-07-2007
20070725,25-07-2007
20070726,26-07-2007
20070727,27-07-2007
20070728,28-07-2007
20070729,29-07-2007
20070730,30-07-2007
20070731,31-07-2007
20070801,01-08-2007
20070802,02-08-2007
20070803,03-08-2007
20070804,04-08-2007
20070805,05-08-2007
20070806,06-08-2007
20070807,07-08-2007
20070808,08-08-2007
20070809,09-08-2007
20070810,10-08-2007
20070811,11-08-2007
20070812,12-08-2007
20070813,13-08-2007
20070814,14-08-2007
20070815,15-08-2007
20070816,16-08-2007
20070817,17-08-2007
20070818,18-08-2007
20070819,19-08-2007
20070820,20-08-2007
20070821,21-08-2007
20070822,22-08-2007
20070823,23-08-2007
20070824,24-08-2007
20070825,25-08-2007
20070826,26-08-2007
20070827,27-08-2007
20070828,28-08-2007
20070829,29-08-2007
20070830,30-08-2007
20070831,31-08-2007
20070901,01-09-2007
20070902,02-09-2007
20070903,03-09-2007
20070904,04-09-2007
20070905,05-09-2007
20070906,06-09-2007
20070907,07-09-2007
20070908,08-09-2007
20070909,09-09-2007
20070910,10-09-2007
20070911,11-09-2007
20070912,12-09-2007
20070913,13-09-2007
20070914,14-09-2007
20070915,15-09-2007
20070916,16-09-2007
20070917,17-09-2007
20070918,18-09-2007
20070919,19-09-2007
20070920,20-09-2007
20070921,21-09-2007
20070922,22-09-2007
20070923,23-09-2007
20070924,24-09-2007
20070925,25-09-2007
20070926,26-09-2007
20070927,27-09-2007
20070928,28-09-2007
20070929,29-09-2007
20070930,30-09-2007
20071001,01-10-2007
20071002,02-10-2007
20071003,03-10-2007
20071004,04-10-2007
20071005,05-10-2007
20071006,06-10-2007
20071007,07-10-2007
20071008,08-10-2007
20071009,09-10-2007
20071010,10-10-2007
20071011,11-10-2007
20071012,12-10-2007
20071013,13-10-2007
20071014,14-10-2007
20071015,15-10-2007
20071016,16-10-2007
20071017,17-10-2007
20071018,18-10-2007
20071019,19-10-2007
20071020,20-10-2007
20071021,21-10-2007
20071022,22-10-2007
20071023,23-10-2007
20071024,24-10-2007
20071025,25-10-2007
20071026,26-10-2007
20071027,27-10-2007
20071028,28-10-2007
20071029,29-10-2007
20071030,30-10-2007
20071031,31-10-2007
20071101,01-11-2007
20071102,02-11-2007
20071103,03-11-2007
20071104,04-11-2007
20071105,05-11-2007
20071106,06-11-2007
20071107,07-11-2007
20071108,08-11-2007
20071109,09-11-2007
20071110,10-11-2007
20071111,11-11-2007
20071112,12-11-2007
20071113,13-11-2007
20071114,14-11-2007
20071115,15-11-2007
20071116,16-11-2007
20071117,17-11-2007
20071118,18-11-2007
20071119,19-11-2007
20071120,20-11-2007
20071121,21-11-2007
20071122,22-11-2007
20071123,23-11-2007
20071124,24-11-2007
20071125,25-11-2007
20071126,26-11-2007
20071127,27-11-2007
20071128,28-11-2007
20071129,29-11-2007
20071130,30-11-2007
20071201,01-12-2007
20071202,02-12-2007
20071203,03-12-2007
20071204,04-12-2007
20071205,05-12-2007
20071206,06-12-2007
20071207,07-12-2007
20071208,08-12-2007
20071209,09-12-2007
20071210,10-12-2007
20071211,11-12-2007
20071212,12-12-2007
20071213,13-12-2007
20071214,14-12-2007
20071215,15-12-2007
20071216,16-12-2007
20071217,17-12-2007
20071218,18-12-2007
20071219,19-12-2007
20071220,20-12-2007
20071221,21-12-2007
20071222,22-12-2007
20071223,23-12-2007
20071224,24-12-2007
20071225,25-12-2007
20071226,26-12-2007
20071227,27-12-2007
20071228,28-12-2007
20071229,29-12-2007
20071230,30-12-2007
20071231,31-12-2007
20080101,01-01-2008
20080102,02-01-2008
20080103,03-01-2008
20080104,04-01-2008
20080105,05-01-2008
20080106,06-01-2008
20080107,07-01-2008
20080108,08-01-2008
20080109,09-01-2008
20080110,10-01-2008
20080111,11-01-2008
20080112,12-01-2008
20080113,13-01-2008
20080114,14-01-2008
20080115,15-01-2008
20080116,16-01-2008
20080117,17-01-2008
20080118,18-01-2008
20080119,19-01-2008
20080120,20-01-2008
20080121,21-01-2008
20080122,22-01-2008
20080123,23-01-2008
20080124,24-01-2008
20080125,25-01-2008
20080126,26-01-2008
20080127,27-01-2008
20080128,28-01-2008
20080129,29-01-2008
20080130,30-01-2008
20080131,31-01-2008
20080201,01-02-2008
20080202,02-02-2008
20080203,03-02-2008
20080204,04-02-2008
20080205,05-02-2008
20080206,06-02-2008
20080207,07-02-2008
20080208,08-02-2008
20080209,09-02-2008
20080210,10-02-2008
20080211,11-02-2008
20080212,12-02-2008
20080213,13-02-2008
20080214,14-02-2008
20080215,15-02-2008
20080216,16-02-2008
20080217,17-02-2008
20080218,18-02-2008
20080219,19-02-2008
20080220,20-02-2008
20080221,21-02-2008
20080222,22-02-2008
20080223,23-02-2008
20080224,24-02-2008
20080225,25-02-2008
20080226,26-02-2008
20080227,27-02-2008
20080228,28-02-2008
20080229,29-02-2008
20080301,01-03-2008
20080302,02-03-2008
20080303,03-03-2008
20080304,04-03-2008
20080305,05-03-2008
20080306,06-03-2008
20080307,07-03-2008
20080308,08-03-2008
20080309,09-03-2008
20080310,10-03-2008
20080311,11-03-2008
20080312,12-03-2008
20080313,13-03-2008
20080314,14-03-2008
20080315,15-03-2008
20080316,16-03-2008
20080317,17-03-2008
20080318,18-03-2008
20080319,19-03-2008
20080320,20-03-2008
20080321,21-03-2008
20080322,22-03-2008
20080323,23-03-2008
20080324,24-03-2008
20080325,25-03-2008
20080326,26-03-2008
20080327,27-03-2008
20080328,28-03-2008
20080329,29-03-2008
20080330,30-03-2008
20080331,31-03-2008
20080401,01-04-2008
20080402,02-04-2008
20080403,03-04-2008
20080404,04-04-2008
20080405,05-04-2008
20080406,06-04-2008
20080407,07-04-2008
20080408,08-04-2008
20080409,09-04-2008
20080410,10-04-2008
20080411,11-04-2008
20080412,12-04-2008
20080413,13-04-2008
20080414,14-04-2008
20080415,15-04-2008
20080416,16-04-2008
20080417,17-04-2008
20080418,18-04-2008
20080419,19-04-2008
20080420,20-04-2008
20080421,21-04-2008
20080422,22-04-2008
20080423,23-04-2008
20080424,24-04-2008
20080425,25-04-2008
20080426,26-04-2008
20080427,27-04-2008
20080428,28-04-2008
20080429,29-04-2008
20080430,30-04-2008
20080501,01-05-2008
20080502,02-05-2008
20080503,03-05-2008
20080504,04-05-2008
20080505,05-05-2008
20080506,06-05-2008
20080507,07-05-2008
20080508,08-05-2008
20080509,09-05-2008
20080510,10-05-2008
20080511,11-05-2008
20080512,12-05-2008
20080513,13-05-2008
20080514,14-05-2008
20080515,15-05-2008
20080516,16-05-2008
20080517,17-05-2008
20080518,18-05-2008
20080519,19-05-2008
20080520,20-05-2008
20080521,21-05-2008
20080522,22-05-2008
20080523,23-05-2008
20080524,24-05-2008
20080525,25-05-2008
20080526,26-05-2008
20080527,27-05-2008
20080528,28-05-2008
20080529,29-05-2008
20080530,30-05-2008
20080531,31-05-2008
20080601,01-06-2008
20080602,02-06-2008
20080603,03-06-2008
20080604,04-06-2008
20080605,05-06-2008
20080606,06-06-2008
20080607,07-06-2008
20080608,08-06-2008
20080609,09-06-2008
20080610,10-06-2008
20080611,11-06-2008
20080612,12-06-2008
20080613,13-06-2008
20080614,14-06-2008
20080615,15-06-2008
20080616,16-06-2008
20080617,17-06-2008
20080618,18-06-2008
20080619,19-06-2008
20080620,20-06-2008
20080621,21-06-2008
20080622,22-06-2008
20080623,23-06-2008
20080624,24-06-2008
20080625,25-06-2008
20080626,26-06-2008
20080627,27-06-2008
20080628,28-06-2008
20080629,29-06-2008
20080630,30-06-2008
20080701,01-07-2008
20080702,02-07-2008
20080703,03-07-2008
20080704,04-07-2008
20080705,05-07-2008
20080706,06-07-2008
20080707,07-07-2008
20080708,08-07-2008
20080709,09-07-2008
20080710,10-07-2008
20080711,11-07-2008
20080712,12-07-2008
20080713,13-07-2008
20080714,14-07-2008
20080715,15-07-2008
20080716,16-07-2008
20080717,17-07-2008
20080718,18-07-2008
20080719,19-07-2008
20080720,20-07-2008
20080721,21-07-2008
20080722,22-07-2008
20080723,23-07-2008
20080724,24-07-2008
20080725,25-07-2008
20080726,26-07-2008
20080727,27-07-2008
20080728,28-07-2008
20080729,29-07-2008
20080730,30-07-2008
20080731,31-07-2008
20080801,01-08-2008
20080802,02-08-2008
20080803,03-08-2008
20080804,04-08-2008
20080805,05-08-2008
20080806,06-08-2008
20080807,07-08-2008
20080808,08-08-2008
20080809,09-08-2008
20080810,10-08-2008
20080811,11-08-2008
20080812,12-08-2008
20080813,13-08-2008
20080814,14-08-2008
20080815,15-08-2008
20080816,16-08-2008
20080817,17-08-2008
20080818,18-08-2008
20080819,19-08-2008
20080820,20-08-2008
20080821,21-08-2008
20080822,22-08-2008
20080823,23-08-2008
20080824,24-08-2008
20080825,25-08-2008
20080826,26-08-2008
20080827,27-08-2008
20080828,28-08-2008
20080829,29-08-2008
20080830,30-08-2008
20080831,31-08-2008
20080901,01-09-2008
20080902,02-09-2008
20080903,03-09-2008
20080904,04-09-2008
20080905,05-09-2008
20080906,06-09-2008
20080907,07-09-2008
20080908,08-09-2008
20080909,09-09-2008
20080910,10-09-2008
20080911,11-09-2008
20080912,12-09-2008
20080913,13-09-2008
20080914,14-09-2008
20080915,15-09-2008
20080916,16-09-2008
20080917,17-09-2008
20080918,18-09-2008
20080919,19-09-2008
20080920,20-09-2008
20080921,21-09-2008
20080922,22-09-2008
20080923,23-09-2008
20080924,24-09-2008
20080925,25-09-2008
20080926,26-09-2008
20080927,27-09-2008
20080928,28-09-2008
20080929,29-09-2008
20080930,30-09-2008
20081001,01-10-2008
20081002,02-10-2008
20081003,03-10-2008
20081004,04-10-2008
20081005,05-10-2008
20081006,06-10-2008
20081007,07-10-2008
20081008,08-10-2008
20081009,09-10-2008
20081010,10-10-2008
20081011,11-10-2008
20081012,12-10-2008
20081013,13-10-2008
20081014,14-10-2008
20081015,15-10-2008
20081016,16-10-2008
20081017,17-10-2008
20081018,18-10-2008
20081019,19-10-2008
20081020,20-10-2008
20081021,21-10-2008
20081022,22-10-2008
20081023,23-10-2008
20081024,24-10-2008
20081025,25-10-2008
20081026,26-10-2008
20081027,27-10-2008
20081028,28-10-2008
20081029,29-10-2008
20081030,30-10-2008
20081031,31-10-2008
20081101,01-11-2008
20081102,02-11-2008
20081103,03-11-2008
20081104,04-11-2008
20081105,05-11-2008
20081106,06-11-2008
20081107,07-11-2008
20081108,08-11-2008
20081109,09-11-2008
20081110,10-11-2008
20081111,11-11-2008
20081112,12-11-2008
20081113,13-11-2008
20081114,14-11-2008
20081115,15-11-2008
20081116,16-11-2008
20081117,17-11-2008
20081118,18-11-2008
20081119,19-11-2008
20081120,20-11-2008
20081121,21-11-2008
20081122,22-11-2008
20081123,23-11-2008
20081124,24-11-2008
20081125,25-11-2008
20081126,26-11-2008
20081127,27-11-2008
20081128,28-11-2008
20081129,29-11-2008
20081130,30-11-2008
20081201,01-12-2008
20081202,02-12-2008
20081203,03-12-2008
20081204,04-12-2008
20081205,05-12-2008
20081206,06-12-2008
20081207,07-12-2008
20081208,08-12-2008
20081209,09-12-2008
20081210,10-12-2008
20081211,11-12-2008
20081212,12-12-2008
20081213,13-12-2008
20081214,14-12-2008
20081215,15-12-2008
20081216,16-12-2008
20081217,17-12-2008
20081218,18-12-2008
20081219,19-12-2008
20081220,20-12-2008
20081221,21-12-2008
20081222,22-12-2008
20081223,23-12-2008
20081224,24-12-2008
20081225,25-12-2008
20081226,26-12-2008
20081227,27-12-2008
20081228,28-12-2008
20081229,29-12-2008
20081230,30-12-2008
20081231,31-12-2008
20090101,01-01-2009
20090102,02-01-2009
20090103,03-01-2009
20090104,04-01-2009
20090105,05-01-2009
20090106,06-01-2009
20090107,07-01-2009
20090108,08-01-2009
20090109,09-01-2009
20090110,10-01-2009
20090111,11-01-2009
20090112,12-01-2009
20090113,13-01-2009
20090114,14-01-2009
20090115,15-01-2009
20090116,16-01-2009
20090117,17-01-2009
20090118,18-01-2009
20090119,19-01-2009
20090120,20-01-2009
20090121,21-01-2009
20090122,22-01-2009
20090123,23-01-2009
20090124,24-01-2009
20090125,25-01-2009
20090126,26-01-2009
20090127,27-01-2009
20090128,28-01-2009
20090129,29-01-2009
20090130,30-01-2009
20090131,31-01-2009
20090201,01-02-2009
20090202,02-02-2009
20090203,03-02-2009
20090204,04-02-2009
20090205,05-02-2009
20090206,06-02-2009
20090207,07-02-2009
20090208,08-02-2009
20090209,09-02-2009
20090210,10-02-2009
20090211,11-02-2009
20090212,12-02-2009
20090213,13-02-2009
20090214,14-02-2009
20090215,15-02-2009
20090216,16-02-2009
20090217,17-02-2009
20090218,18-02-2009
20090219,19-02-2009
20090220,20-02-2009
20090221,21-02-2009
20090222,22-02-2009
20090223,23-02-2009
20090224,24-02-2009
20090225,25-02-2009
20090226,26-02-2009
20090227,27-02-2009
20090228,28-02-2009
20090301,01-03-2009
20090302,02-03-2009
20090303,03-03-2009
20090304,04-03-2009
20090305,05-03-2009
20090306,06-03-2009
20090307,07-03-2009
20090308,08-03-2009
20090309,09-03-2009
20090310,10-03-2009
20090311,11-03-2009
20090312,12-03-2009
20090313,13-03-2009
20090314,14-03-2009
20090315,15-03-2009
20090316,16-03-2009
20090317,17-03-2009
20090318,18-03-2009
20090319,19-03-2009
20090320,20-03-2009
20090321,21-03-2009
20090322,22-03-2009
20090323,23-03-2009
20090324,24-03-2009
20090325,25-03-2009
20090326,26-03-2009
20090327,27-03-2009
20090328,28-03-2009
20090329,29-03-2009
20090330,30-03-2009
20090331,31-03-2009
20090401,01-04-2009
20090402,02-04-2009
20090403,03-04-2009
20090404,04-04-2009
20090405,05-04-2009
20090406,06-04-2009
20090407,07-04-2009
20090408,08-04-2009
20090409,09-04-2009
20090410,10-04-2009
20090411,11-04-2009
20090412,12-04-2009
20090413,13-04-2009
20090414,14-04-2009
20090415,15-04-2009
20090416,16-04-2009
20090417,17-04-2009
20090418,18-04-2009
20090419,19-04-2009
20090420,20-04-2009
20090421,21-04-2009
20090422,22-04-2009
20090423,23-04-2009
20090424,24-04-2009
20090425,25-04-2009
20090426,26-04-2009
20090427,27-04-2009
20090428,28-04-2009
20090429,29-04-2009
20090430,30-04-2009
20090501,01-05-2009
20090502,02-05-2009
20090503,03-05-2009
20090504,04-05-2009
20090505,05-05-2009
20090506,06-05-2009
20090507,07-05-2009
20090508,08-05-2009
20090509,09-05-2009
20090510,10-05-2009
20090511,11-05-2009
20090512,12-05-2009
20090513,13-05-2009
20090514,14-05-2009
20090515,15-05-2009
20090516,16-05-2009
20090517,17-05-2009
20090518,18-05-2009
20090519,19-05-2009
20090520,20-05-2009
20090521,21-05-2009
20090522,22-05-2009
20090523,23-05-2009
20090524,24-05-2009
20090525,25-05-2009
20090526,26-05-2009
20090527,27-05-2009
20090528,28-05-2009
20090529,29-05-2009
20090530,30-05-2009
20090531,31-05-2009
20090601,01-06-2009
20090602,02-06-2009
20090603,03-06-2009
20090604,04-06-2009
20090605,05-06-2009
20090606,06-06-2009
20090607,07-06-2009
20090608,08-06-2009
20090609,09-06-2009
20090610,10-06-2009
20090611,11-06-2009
20090612,12-06-2009
20090613,13-06-2009
20090614,14-06-2009
20090615,15-06-2009
20090616,16-06-2009
20090617,17-06-2009
20090618,18-06-2009
20090619,19-06-2009
20090620,20-06-2009
20090621,21-06-2009
20090622,22-06-2009
20090623,23-06-2009
20090624,24-06-2009
20090625,25-06-2009
20090626,26-06-2009
20090627,27-06-2009
20090628,28-06-2009
20090629,29-06-2009
20090630,30-06-2009
20090701,01-07-2009
20090702,02-07-2009
20090703,03-07-2009
20090704,04-07-2009
20090705,05-07-2009
20090706,06-07-2009
20090707,07-07-2009
20090708,08-07-2009
20090709,09-07-2009
20090710,10-07-2009
20090711,11-07-2009
20090712,12-07-2009
20090713,13-07-2009
20090714,14-07-2009
20090715,15-07-2009
20090716,16-07-2009
20090717,17-07-2009
20090718,18-07-2009
20090719,19-07-2009
20090720,20-07-2009
20090721,21-07-2009
20090722,22-07-2009
20090723,23-07-2009
20090724,24-07-2009
20090725,25-07-2009
20090726,26-07-2009
20090727,27-07-2009
20090728,28-07-2009
20090729,29-07-2009
20090730,30-07-2009
20090731,31-07-2009
20090801,01-08-2009
20090802,02-08-2009
20090803,03-08-2009
20090804,04-08-2009
20090805,05-08-2009
20090806,06-08-2009
20090807,07-08-2009
20090808,08-08-2009
20090809,09-08-2009
20090810,10-08-2009
20090811,11-08-2009
20090812,12-08-2009
20090813,13-08-2009
20090814,14-08-2009
20090815,15-08-2009
20090816,16-08-2009
20090817,17-08-2009
20090818,18-08-2009
20090819,19-08-2009
20090820,20-08-2009
20090821,21-08-2009
20090822,22-08-2009
20090823,23-08-2009
20090824,24-08-2009
20090825,25-08-2009
20090826,26-08-2009
20090827,27-08-2009
20090828,28-08-2009
20090829,29-08-2009
20090830,30-08-2009
20090831,31-08-2009
20090901,01-09-2009
20090902,02-09-2009
20090903,03-09-2009
20090904,04-09-2009
20090905,05-09-2009
20090906,06-09-2009
20090907,07-09-2009
20090908,08-09-2009
20090909,09-09-2009
20090910,10-09-2009
20090911,11-09-2009
20090912,12-09-2009
20090913,13-09-2009
20090914,14-09-2009
20090915,15-09-2009
20090916,16-09-2009
20090917,17-09-2009
20090918,18-09-2009
20090919,19-09-2009
20090920,20-09-2009
20090921,21-09-2009
20090922,22-09-2009
20090923,23-09-2009
20090924,24-09-2009
20090925,25-09-2009
20090926,26-09-2009
20090927,27-09-2009
20090928,28-09-2009
20090929,29-09-2009
20090930,30-09-2009
20091001,01-10-2009
20091002,02-10-2009
20091003,03-10-2009
20091004,04-10-2009
20091005,05-10-2009
20091006,06-10-2009
20091007,07-10-2009
20091008,08-10-2009
20091009,09-10-2009
20091010,10-10-2009
20091011,11-10-2009
20091012,12-10-2009
20091013,13-10-2009
20091014,14-10-2009
20091015,15-10-2009
20091016,16-10-2009
20091017,17-10-2009
20091018,18-10-2009
20091019,19-10-2009
20091020,20-10-2009
20091021,21-10-2009
20091022,22-10-2009
20091023,23-10-2009
20091024,24-10-2009
20091025,25-10-2009
20091026,26-10-2009
20091027,27-10-2009
20091028,28-10-2009
20091029,29-10-2009
20091030,30-10-2009
20091031,31-10-2009
20091101,01-11-2009
20091102,02-11-2009
20091103,03-11-2009
20091104,04-11-2009
20091105,05-11-2009
20091106,06-11-2009
20091107,07-11-2009
20091108,08-11-2009
20091109,09-11-2009
20091110,10-11-2009
20091111,11-11-2009
20091112,12-11-2009
20091113,13-11-2009
20091114,14-11-2009
20091115,15-11-2009
20091116,16-11-2009
20091117,17-11-2009
20091118,18-11-2009
20091119,19-11-2009
20091120,20-11-2009
20091121,21-11-2009
20091122,22-11-2009
20091123,23-11-2009
20091124,24-11-2009
20091125,25-11-2009
20091126,26-11-2009
20091127,27-11-2009
20091128,28-11-2009
20091129,29-11-2009
20091130,30-11-2009
20091201,01-12-2009
20091202,02-12-2009
20091203,03-12-2009
20091204,04-12-2009
20091205,05-12-2009
20091206,06-12-2009
20091207,07-12-2009
20091208,08-12-2009
20091209,09-12-2009
20091210,10-12-2009
20091211,11-12-2009
20091212,12-12-2009
20091213,13-12-2009
20091214,14-12-2009
20091215,15-12-2009
20091216,16-12-2009
20091217,17-12-2009
20091218,18-12-2009
20091219,19-12-2009
20091220,20-12-2009
20091221,21-12-2009
20091222,22-12-2009
20091223,23-12-2009
20091224,24-12-2009
20091225,25-12-2009
20091226,26-12-2009
20091227,27-12-2009
20091228,28-12-2009
20091229,29-12-2009
20091230,30-12-2009
20091231,31-12-2009
20100101,01-01-2010
20100102,02-01-2010
20100103,03-01-2010
20100104,04-01-2010
20100105,05-01-2010
20100106,06-01-2010
20100107,07-01-2010
20100108,08-01-2010
20100109,09-01-2010
20100110,10-01-2010
20100111,11-01-2010
20100112,12-01-2010
20100113,13-01-2010
20100114,14-01-2010
20100115,15-01-2010
20100116,16-01-2010
20100117,17-01-2010
20100118,18-01-2010
20100119,19-01-2010
20100120,20-01-2010
20100121,21-01-2010
20100122,22-01-2010
20100123,23-01-2010
20100124,24-01-2010
20100125,25-01-2010
20100126,26-01-2010
20100127,27-01-2010
20100128,28-01-2010
20100129,29-01-2010
20100130,30-01-2010
20100131,31-01-2010
20100201,01-02-2010
20100202,02-02-2010
20100203,03-02-2010
20100204,04-02-2010
20100205,05-02-2010
20100206,06-02-2010
20100207,07-02-2010
20100208,08-02-2010
20100209,09-02-2010
20100210,10-02-2010
20100211,11-02-2010
20100212,12-02-2010
20100213,13-02-2010
20100214,14-02-2010
20100215,15-02-2010
20100216,16-02-2010
20100217,17-02-2010
20100218,18-02-2010
20100219,19-02-2010
20100220,20-02-2010
20100221,21-02-2010
20100222,22-02-2010
20100223,23-02-2010
20100224,24-02-2010
20100225,25-02-2010
20100226,26-02-2010
20100227,27-02-2010
20100228,28-02-2010
20100301,01-03-2010
20100302,02-03-2010
20100303,03-03-2010
20100304,04-03-2010
20100305,05-03-2010
20100306,06-03-2010
20100307,07-03-2010
20100308,08-03-2010
20100309,09-03-2010
20100310,10-03-2010
20100311,11-03-2010
20100312,12-03-2010
20100313,13-03-2010
20100314,14-03-2010
20100315,15-03-2010
20100316,16-03-2010
20100317,17-03-2010
20100318,18-03-2010
20100319,19-03-2010
20100320,20-03-2010
20100321,21-03-2010
20100322,22-03-2010
20100323,23-03-2010
20100324,24-03-2010
20100325,25-03-2010
20100326,26-03-2010
20100327,27-03-2010
20100328,28-03-2010
20100329,29-03-2010
20100330,30-03-2010
20100331,31-03-2010
20100401,01-04-2010
20100402,02-04-2010
20100403,03-04-2010
20100404,04-04-2010
20100405,05-04-2010
20100406,06-04-2010
20100407,07-04-2010
20100408,08-04-2010
20100409,09-04-2010
20100410,10-04-2010
20100411,11-04-2010
20100412,12-04-2010
20100413,13-04-2010
20100414,14-04-2010
20100415,15-04-2010
20100416,16-04-2010
20100417,17-04-2010
20100418,18-04-2010
20100419,19-04-2010
20100420,20-04-2010
20100421,21-04-2010
20100422,22-04-2010
20100423,23-04-2010
20100424,24-04-2010
20100425,25-04-2010
20100426,26-04-2010
20100427,27-04-2010
20100428,28-04-2010
20100429,29-04-2010
20100430,30-04-2010
20100501,01-05-2010
20100502,02-05-2010
20100503,03-05-2010
20100504,04-05-2010
20100505,05-05-2010
20100506,06-05-2010
20100507,07-05-2010
20100508,08-05-2010
20100509,09-05-2010
20100510,10-05-2010
20100511,11-05-2010
20100512,12-05-2010
20100513,13-05-2010
20100514,14-05-2010
20100515,15-05-2010
20100516,16-05-2010
20100517,17-05-2010
20100518,18-05-2010
20100519,19-05-2010
20100520,20-05-2010
20100521,21-05-2010
20100522,22-05-2010
20100523,23-05-2010
20100524,24-05-2010
20100525,25-05-2010
20100526,26-05-2010
20100527,27-05-2010
20100528,28-05-2010
20100529,29-05-2010
20100530,30-05-2010
20100531,31-05-2010
20100601,01-06-2010
20100602,02-06-2010
20100603,03-06-2010
20100604,04-06-2010
20100605,05-06-2010
20100606,06-06-2010
20100607,07-06-2010
20100608,08-06-2010
20100609,09-06-2010
20100610,10-06-2010
20100611,11-06-2010
20100612,12-06-2010
20100613,13-06-2010
20100614,14-06-2010
20100615,15-06-2010
20100616,16-06-2010
20100617,17-06-2010
20100618,18-06-2010
20100619,19-06-2010
20100620,20-06-2010
20100621,21-06-2010
20100622,22-06-2010
20100623,23-06-2010
20100624,24-06-2010
20100625,25-06-2010
20100626,26-06-2010
20100627,27-06-2010
20100628,28-06-2010
20100629,29-06-2010
20100630,30-06-2010
20100701,01-07-2010
20100702,02-07-2010
20100703,03-07-2010
20100704,04-07-2010
20100705,05-07-2010
20100706,06-07-2010
20100707,07-07-2010
20100708,08-07-2010
20100709,09-07-2010
20100710,10-07-2010
20100711,11-07-2010
20100712,12-07-2010
20100713,13-07-2010
20100714,14-07-2010
20100715,15-07-2010
20100716,16-07-2010
20100717,17-07-2010
20100718,18-07-2010
20100719,19-07-2010
20100720,20-07-2010
20100721,21-07-2010
20100722,22-07-2010
20100723,23-07-2010
20100724,24-07-2010
20100725,25-07-2010
20100726,26-07-2010
20100727,27-07-2010
20100728,28-07-2010
20100729,29-07-2010
20100730,30-07-2010
20100731,31-07-2010
20100801,01-08-2010
20100802,02-08-2010
20100803,03-08-2010
20100804,04-08-2010
20100805,05-08-2010
20100806,06-08-2010
20100807,07-08-2010
20100808,08-08-2010
20100809,09-08-2010
20100810,10-08-2010
20100811,11-08-2010
20100812,12-08-2010
20100813,13-08-2010
20100814,14-08-2010
20100815,15-08-2010
20100816,16-08-2010
20100817,17-08-2010
20100818,18-08-2010
20100819,19-08-2010
20100820,20-08-2010
20100821,21-08-2010
20100822,22-08-2010
20100823,23-08-2010
20100824,24-08-2010
20100825,25-08-2010
20100826,26-08-2010
20100827,27-08-2010
20100828,28-08-2010
20100829,29-08-2010
20100830,30-08-2010
20100831,31-08-2010
20100901,01-09-2010
20100902,02-09-2010
20100903,03-09-2010
20100904,04-09-2010
20100905,05-09-2010
20100906,06-09-2010
20100907,07-09-2010
20100908,08-09-2010
20100909,09-09-2010
20100910,10-09-2010
20100911,11-09-2010
20100912,12-09-2010
20100913,13-09-2010
20100914,14-09-2010
20100915,15-09-2010
20100916,16-09-2010
20100917,17-09-2010
20100918,18-09-2010
20100919,19-09-2010
20100920,20-09-2010
20100921,21-09-2010
20100922,22-09-2010
20100923,23-09-2010
20100924,24-09-2010
20100925,25-09-2010
20100926,26-09-2010
20100927,27-09-2010
20100928,28-09-2010
20100929,29-09-2010
20100930,30-09-2010
20101001,01-10-2010
20101002,02-10-2010
20101003,03-10-2010
20101004,04-10-2010
20101005,05-10-2010
20101006,06-10-2010
20101007,07-10-2010
20101008,08-10-2010
20101009,09-10-2010
20101010,10-10-2010
20101011,11-10-2010
20101012,12-10-2010
20101013,13-10-2010
20101014,14-10-2010
20101015,15-10-2010
20101016,16-10-2010
20101017,17-10-2010
20101018,18-10-2010
20101019,19-10-2010
20101020,20-10-2010
20101021,21-10-2010
20101022,22-10-2010
20101023,23-10-2010
20101024,24-10-2010
20101025,25-10-2010
20101026,26-10-2010
20101027,27-10-2010
20101028,28-10-2010
20101029,29-10-2010
20101030,30-10-2010
20101031,31-10-2010
20101101,01-11-2010
20101102,02-11-2010
20101103,03-11-2010
20101104,04-11-2010
20101105,05-11-2010
20101106,06-11-2010
20101107,07-11-2010
20101108,08-11-2010
20101109,09-11-2010
20101110,10-11-2010
20101111,11-11-2010
20101112,12-11-2010
20101113,13-11-2010
20101114,14-11-2010
20101115,15-11-2010
20101116,16-11-2010
20101117,17-11-2010
20101118,18-11-2010
20101119,19-11-2010
20101120,20-11-2010
20101121,21-11-2010
20101122,22-11-2010
20101123,23-11-2010
20101124,24-11-2010
20101125,25-11-2010
20101126,26-11-2010
20101127,27-11-2010
20101128,28-11-2010
20101129,29-11-2010
20101130,30-11-2010
20101201,01-12-2010
20101202,02-12-2010
20101203,03-12-2010
20101204,04-12-2010
20101205,05-12-2010
20101206,06-12-2010
20101207,07-12-2010
20101208,08-12-2010
20101209,09-12-2010
20101210,10-12-2010
20101211,11-12-2010
20101212,12-12-2010
20101213,13-12-2010
20101214,14-12-2010
20101215,15-12-2010
20101216,16-12-2010
20101217,17-12-2010
20101218,18-12-2010
20101219,19-12-2010
20101220,20-12-2010
20101221,21-12-2010
20101222,22-12-2010
20101223,23-12-2010
20101224,24-12-2010
20101225,25-12-2010
20101226,26-12-2010
20101227,27-12-2010
20101228,28-12-2010
20101229,29-12-2010
20101230,30-12-2010
20101231,31-12-2010
20110101,01-01-2011
20110102,02-01-2011
20110103,03-01-2011
20110104,04-01-2011
20110105,05-01-2011
20110106,06-01-2011
20110107,07-01-2011
20110108,08-01-2011
20110109,09-01-2011
20110110,10-01-2011
20110111,11-01-2011
20110112,12-01-2011
20110113,13-01-2011
20110114,14-01-2011
20110115,15-01-2011
20110116,16-01-2011
20110117,17-01-2011
20110118,18-01-2011
20110119,19-01-2011
20110120,20-01-2011
20110121,21-01-2011
20110122,22-01-2011
20110123,23-01-2011
20110124,24-01-2011
20110125,25-01-2011
20110126,26-01-2011
20110127,27-01-2011
20110128,28-01-2011
20110129,29-01-2011
20110130,30-01-2011
20110131,31-01-2011
20110201,01-02-2011
20110202,02-02-2011
20110203,03-02-2011
20110204,04-02-2011
20110205,05-02-2011
20110206,06-02-2011
20110207,07-02-2011
20110208,08-02-2011
20110209,09-02-2011
20110210,10-02-2011
20110211,11-02-2011
20110212,12-02-2011
20110213,13-02-2011
20110214,14-02-2011
20110215,15-02-2011
20110216,16-02-2011
20110217,17-02-2011
20110218,18-02-2011
20110219,19-02-2011
20110220,20-02-2011
20110221,21-02-2011
20110222,22-02-2011
20110223,23-02-2011
20110224,24-02-2011
20110225,25-02-2011
20110226,26-02-2011
20110227,27-02-2011
20110228,28-02-2011
20110301,01-03-2011
20110302,02-03-2011
20110303,03-03-2011
20110304,04-03-2011
20110305,05-03-2011
20110306,06-03-2011
20110307,07-03-2011
20110308,08-03-2011
20110309,09-03-2011
20110310,10-03-2011
20110311,11-03-2011
20110312,12-03-2011
20110313,13-03-2011
20110314,14-03-2011
20110315,15-03-2011
20110316,16-03-2011
20110317,17-03-2011
20110318,18-03-2011
20110319,19-03-2011
20110320,20-03-2011
20110321,21-03-2011
20110322,22-03-2011
20110323,23-03-2011
20110324,24-03-2011
20110325,25-03-2011
20110326,26-03-2011
20110327,27-03-2011
20110328,28-03-2011
20110329,29-03-2011
20110330,30-03-2011
20110331,31-03-2011
20110401,01-04-2011
20110402,02-04-2011
20110403,03-04-2011
20110404,04-04-2011
20110405,05-04-2011
20110406,06-04-2011
20110407,07-04-2011
20110408,08-04-2011
20110409,09-04-2011
20110410,10-04-2011
20110411,11-04-2011
20110412,12-04-2011
20110413,13-04-2011
20110414,14-04-2011
20110415,15-04-2011
20110416,16-04-2011
20110417,17-04-2011
20110418,18-04-2011
20110419,19-04-2011
20110420,20-04-2011
20110421,21-04-2011
20110422,22-04-2011
20110423,23-04-2011
20110424,24-04-2011
20110425,25-04-2011
20110426,26-04-2011
20110427,27-04-2011
20110428,28-04-2011
20110429,29-04-2011
20110430,30-04-2011
20110501,01-05-2011
20110502,02-05-2011
20110503,03-05-2011
20110504,04-05-2011
20110505,05-05-2011
20110506,06-05-2011
20110507,07-05-2011
20110508,08-05-2011
20110509,09-05-2011
20110510,10-05-2011
20110511,11-05-2011
20110512,12-05-2011
20110513,13-05-2011
20110514,14-05-2011
20110515,15-05-2011
20110516,16-05-2011
20110517,17-05-2011
20110518,18-05-2011
20110519,19-05-2011
20110520,20-05-2011
20110521,21-05-2011
20110522,22-05-2011
20110523,23-05-2011
20110524,24-05-2011
20110525,25-05-2011
20110526,26-05-2011
20110527,27-05-2011
20110528,28-05-2011
20110529,29-05-2011
20110530,30-05-2011
20110531,31-05-2011
20110601,01-06-2011
20110602,02-06-2011
20110603,03-06-2011
20110604,04-06-2011
20110605,05-06-2011
20110606,06-06-2011
20110607,07-06-2011
20110608,08-06-2011
20110609,09-06-2011
20110610,10-06-2011
20110611,11-06-2011
20110612,12-06-2011
20110613,13-06-2011
20110614,14-06-2011
20110615,15-06-2011
20110616,16-06-2011
20110617,17-06-2011
20110618,18-06-2011
20110619,19-06-2011
20110620,20-06-2011
20110621,21-06-2011
20110622,22-06-2011
20110623,23-06-2011
20110624,24-06-2011
20110625,25-06-2011
20110626,26-06-2011
20110627,27-06-2011
20110628,28-06-2011
20110629,29-06-2011
20110630,30-06-2011
20110701,01-07-2011
20110702,02-07-2011
20110703,03-07-2011
20110704,04-07-2011
20110705,05-07-2011
20110706,06-07-2011
20110707,07-07-2011
20110708,08-07-2011
20110709,09-07-2011
20110710,10-07-2011
20110711,11-07-2011
20110712,12-07-2011
20110713,13-07-2011
20110714,14-07-2011
20110715,15-07-2011
20110716,16-07-2011
20110717,17-07-2011
20110718,18-07-2011
20110719,19-07-2011
20110720,20-07-2011
20110721,21-07-2011
20110722,22-07-2011
20110723,23-07-2011
20110724,24-07-2011
20110725,25-07-2011
20110726,26-07-2011
20110727,27-07-2011
20110728,28-07-2011
20110729,29-07-2011
20110730,30-07-2011
20110731,31-07-2011
20110801,01-08-2011
20110802,02-08-2011
20110803,03-08-2011
20110804,04-08-2011
20110805,05-08-2011
20110806,06-08-2011
20110807,07-08-2011
20110808,08-08-2011
20110809,09-08-2011
20110810,10-08-2011
20110811,11-08-2011
20110812,12-08-2011
20110813,13-08-2011
20110814,14-08-2011
20110815,15-08-2011
20110816,16-08-2011
20110817,17-08-2011
20110818,18-08-2011
20110819,19-08-2011
20110820,20-08-2011
20110821,21-08-2011
20110822,22-08-2011
20110823,23-08-2011
20110824,24-08-2011
20110825,25-08-2011
20110826,26-08-2011
20110827,27-08-2011
20110828,28-08-2011
20110829,29-08-2011
20110830,30-08-2011
20110831,31-08-2011
20110901,01-09-2011
20110902,02-09-2011
20110903,03-09-2011
20110904,04-09-2011
20110905,05-09-2011
20110906,06-09-2011
20110907,07-09-2011
20110908,08-09-2011
20110909,09-09-2011
20110910,10-09-2011
20110911,11-09-2011
20110912,12-09-2011
20110913,13-09-2011
20110914,14-09-2011
20110915,15-09-2011
20110916,16-09-2011
20110917,17-09-2011
20110918,18-09-2011
20110919,19-09-2011
20110920,20-09-2011
20110921,21-09-2011
20110922,22-09-2011
20110923,23-09-2011
20110924,24-09-2011
20110925,25-09-2011
20110926,26-09-2011
20110927,27-09-2011
20110928,28-09-2011
20110929,29-09-2011
20110930,30-09-2011
20111001,01-10-2011
20111002,02-10-2011
20111003,03-10-2011
20111004,04-10-2011
20111005,05-10-2011
20111006,06-10-2011
20111007,07-10-2011
20111008,08-10-2011
20111009,09-10-2011
20111010,10-10-2011
20111011,11-10-2011
20111012,12-10-2011
20111013,13-10-2011
20111014,14-10-2011
20111015,15-10-2011
20111016,16-10-2011
20111017,17-10-2011
20111018,18-10-2011
20111019,19-10-2011
20111020,20-10-2011
20111021,21-10-2011
20111022,22-10-2011
20111023,23-10-2011
20111024,24-10-2011
20111025,25-10-2011
20111026,26-10-2011
20111027,27-10-2011
20111028,28-10-2011
20111029,29-10-2011
20111030,30-10-2011
20111031,31-10-2011
20111101,01-11-2011
20111102,02-11-2011
20111103,03-11-2011
20111104,04-11-2011
20111105,05-11-2011
20111106,06-11-2011
20111107,07-11-2011
20111108,08-11-2011
20111109,09-11-2011
20111110,10-11-2011
20111111,11-11-2011
20111112,12-11-2011
20111113,13-11-2011
20111114,14-11-2011
20111115,15-11-2011
20111116,16-11-2011
20111117,17-11-2011
20111118,18-11-2011
20111119,19-11-2011
20111120,20-11-2011
20111121,21-11-2011
20111122,22-11-2011
20111123,23-11-2011
20111124,24-11-2011
20111125,25-11-2011
20111126,26-11-2011
20111127,27-11-2011
20111128,28-11-2011
20111129,29-11-2011
20111130,30-11-2011
20111201,01-12-2011
20111202,02-12-2011
20111203,03-12-2011
20111204,04-12-2011
20111205,05-12-2011
20111206,06-12-2011
20111207,07-12-2011
20111208,08-12-2011
20111209,09-12-2011
20111210,10-12-2011
20111211,11-12-2011
20111212,12-12-2011
20111213,13-12-2011
20111214,14-12-2011
20111215,15-12-2011
20111216,16-12-2011
20111217,17-12-2011
20111218,18-12-2011
20111219,19-12-2011
20111220,20-12-2011
20111221,21-12-2011
20111222,22-12-2011
20111223,23-12-2011
20111224,24-12-2011
20111225,25-12-2011
20111226,26-12-2011
20111227,27-12-2011
20111228,28-12-2011
20111229,29-12-2011
20111230,30-12-2011
20111231,31-12-2011
20120101,01-01-2012
20120102,02-01-2012
20120103,03-01-2012
20120104,04-01-2012
20120105,05-01-2012
20120106,06-01-2012
20120107,07-01-2012
20120108,08-01-2012
20120109,09-01-2012
20120110,10-01-2012
20120111,11-01-2012
20120112,12-01-2012
20120113,13-01-2012
20120114,14-01-2012
20120115,15-01-2012
20120116,16-01-2012
20120117,17-01-2012
20120118,18-01-2012
20120119,19-01-2012
20120120,20-01-2012
20120121,21-01-2012
20120122,22-01-2012
20120123,23-01-2012
20120124,24-01-2012
20120125,25-01-2012
20120126,26-01-2012
20120127,27-01-2012
20120128,28-01-2012
20120129,29-01-2012
20120130,30-01-2012
20120131,31-01-2012
20120201,01-02-2012
20120202,02-02-2012
20120203,03-02-2012
20120204,04-02-2012
20120205,05-02-2012
20120206,06-02-2012
20120207,07-02-2012
20120208,08-02-2012
20120209,09-02-2012
20120210,10-02-2012
20120211,11-02-2012
20120212,12-02-2012
20120213,13-02-2012
20120214,14-02-2012
20120215,15-02-2012
20120216,16-02-2012
20120217,17-02-2012
20120218,18-02-2012
20120219,19-02-2012
20120220,20-02-2012
20120221,21-02-2012
20120222,22-02-2012
20120223,23-02-2012
20120224,24-02-2012
20120225,25-02-2012
20120226,26-02-2012
20120227,27-02-2012
20120228,28-02-2012
20120229,29-02-2012
20120301,01-03-2012
20120302,02-03-2012
20120303,03-03-2012
20120304,04-03-2012
20120305,05-03-2012
20120306,06-03-2012
20120307,07-03-2012
20120308,08-03-2012
20120309,09-03-2012
20120310,10-03-2012
20120311,11-03-2012
20120312,12-03-2012
20120313,13-03-2012
20120314,14-03-2012
20120315,15-03-2012
20120316,16-03-2012
20120317,17-03-2012
20120318,18-03-2012
20120319,19-03-2012
20120320,20-03-2012
20120321,21-03-2012
20120322,22-03-2012
20120323,23-03-2012
20120324,24-03-2012
20120325,25-03-2012
20120326,26-03-2012
20120327,27-03-2012
20120328,28-03-2012
20120329,29-03-2012
20120330,30-03-2012
20120331,31-03-2012
20120401,01-04-2012
20120402,02-04-2012
20120403,03-04-2012
20120404,04-04-2012
20120405,05-04-2012
20120406,06-04-2012
20120407,07-04-2012
20120408,08-04-2012
20120409,09-04-2012
20120410,10-04-2012
20120411,11-04-2012
20120412,12-04-2012
20120413,13-04-2012
20120414,14-04-2012
20120415,15-04-2012
20120416,16-04-2012
20120417,17-04-2012
20120418,18-04-2012
20120419,19-04-2012
20120420,20-04-2012
20120421,21-04-2012
20120422,22-04-2012
20120423,23-04-2012
20120424,24-04-2012
20120425,25-04-2012
20120426,26-04-2012
20120427,27-04-2012
20120428,28-04-2012
20120429,29-04-2012
20120430,30-04-2012
20120501,01-05-2012
20120502,02-05-2012
20120503,03-05-2012
20120504,04-05-2012
20120505,05-05-2012
20120506,06-05-2012
20120507,07-05-2012
20120508,08-05-2012
20120509,09-05-2012
20120510,10-05-2012
20120511,11-05-2012
20120512,12-05-2012
20120513,13-05-2012
20120514,14-05-2012
20120515,15-05-2012
20120516,16-05-2012
20120517,17-05-2012
20120518,18-05-2012
20120519,19-05-2012
20120520,20-05-2012
20120521,21-05-2012
20120522,22-05-2012
20120523,23-05-2012
20120524,24-05-2012
20120525,25-05-2012
20120526,26-05-2012
20120527,27-05-2012
20120528,28-05-2012
20120529,29-05-2012
20120530,30-05-2012
20120531,31-05-2012
20120601,01-06-2012
20120602,02-06-2012
20120603,03-06-2012
20120604,04-06-2012
20120605,05-06-2012
20120606,06-06-2012
20120607,07-06-2012
20120608,08-06-2012
20120609,09-06-2012
20120610,10-06-2012
20120611,11-06-2012
20120612,12-06-2012
20120613,13-06-2012
20120614,14-06-2012
20120615,15-06-2012
20120616,16-06-2012
20120617,17-06-2012
20120618,18-06-2012
20120619,19-06-2012
20120620,20-06-2012
20120621,21-06-2012
20120622,22-06-2012
20120623,23-06-2012
20120624,24-06-2012
20120625,25-06-2012
20120626,26-06-2012
20120627,27-06-2012
20120628,28-06-2012
20120629,29-06-2012
20120630,30-06-2012
20120701,01-07-2012
20120702,02-07-2012
20120703,03-07-2012
20120704,04-07-2012
20120705,05-07-2012
20120706,06-07-2012
20120707,07-07-2012
20120708,08-07-2012
20120709,09-07-2012
20120710,10-07-2012
20120711,11-07-2012
20120712,12-07-2012
20120713,13-07-2012
20120714,14-07-2012
20120715,15-07-2012
20120716,16-07-2012
20120717,17-07-2012
20120718,18-07-2012
20120719,19-07-2012
20120720,20-07-2012
20120721,21-07-2012
20120722,22-07-2012
20120723,23-07-2012
20120724,24-07-2012
20120725,25-07-2012
20120726,26-07-2012
20120727,27-07-2012
20120728,28-07-2012
20120729,29-07-2012
20120730,30-07-2012
20120731,31-07-2012
20120801,01-08-2012
20120802,02-08-2012
20120803,03-08-2012
20120804,04-08-2012
20120805,05-08-2012
20120806,06-08-2012
20120807,07-08-2012
20120808,08-08-2012
20120809,09-08-2012
20120810,10-08-2012
20120811,11-08-2012
20120812,12-08-2012
20120813,13-08-2012
20120814,14-08-2012
20120815,15-08-2012
20120816,16-08-2012
20120817,17-08-2012
20120818,18-08-2012
20120819,19-08-2012
20120820,20-08-2012
20120821,21-08-2012
20120822,22-08-2012
20120823,23-08-2012
20120824,24-08-2012
20120825,25-08-2012
20120826,26-08-2012
20120827,27-08-2012
20120828,28-08-2012
20120829,29-08-2012
20120830,30-08-2012
20120831,31-08-2012
20120901,01-09-2012
20120902,02-09-2012
20120903,03-09-2012
20120904,04-09-2012
20120905,05-09-2012
20120906,06-09-2012
20120907,07-09-2012
20120908,08-09-2012
20120909,09-09-2012
20120910,10-09-2012
20120911,11-09-2012
20120912,12-09-2012
20120913,13-09-2012
20120914,14-09-2012
20120915,15-09-2012
20120916,16-09-2012
20120917,17-09-2012
20120918,18-09-2012
20120919,19-09-2012
20120920,20-09-2012
20120921,21-09-2012
20120922,22-09-2012
20120923,23-09-2012
20120924,24-09-2012
20120925,25-09-2012
20120926,26-09-2012
20120927,27-09-2012
20120928,28-09-2012
20120929,29-09-2012
20120930,30-09-2012
20121001,01-10-2012
20121002,02-10-2012
20121003,03-10-2012
20121004,04-10-2012
20121005,05-10-2012
20121006,06-10-2012
20121007,07-10-2012
20121008,08-10-2012
20121009,09-10-2012
20121010,10-10-2012
20121011,11-10-2012
20121012,12-10-2012
20121013,13-10-2012
20121014,14-10-2012
20121015,15-10-2012
20121016,16-10-2012
20121017,17-10-2012
20121018,18-10-2012
20121019,19-10-2012
20121020,20-10-2012
20121021,21-10-2012
20121022,22-10-2012
20121023,23-10-2012
20121024,24-10-2012
20121025,25-10-2012
20121026,26-10-2012
20121027,27-10-2012
20121028,28-10-2012
20121029,29-10-2012
20121030,30-10-2012
20121031,31-10-2012
20121101,01-11-2012
20121102,02-11-2012
20121103,03-11-2012
20121104,04-11-2012
20121105,05-11-2012
20121106,06-11-2012
20121107,07-11-2012
20121108,08-11-2012
20121109,09-11-2012
20121110,10-11-2012
20121111,11-11-2012
20121112,12-11-2012
20121113,13-11-2012
20121114,14-11-2012
20121115,15-11-2012
20121116,16-11-2012
20121117,17-11-2012
20121118,18-11-2012
20121119,19-11-2012
20121120,20-11-2012
20121121,21-11-2012
20121122,22-11-2012
20121123,23-11-2012
20121124,24-11-2012
20121125,25-11-2012
20121126,26-11-2012
20121127,27-11-2012
20121128,28-11-2012
20121129,29-11-2012
20121130,30-11-2012
20121201,01-12-2012
20121202,02-12-2012
20121203,03-12-2012
20121204,04-12-2012
20121205,05-12-2012
20121206,06-12-2012
20121207,07-12-2012
20121208,08-12-2012
20121209,09-12-2012
20121210,10-12-2012
20121211,11-12-2012
20121212,12-12-2012
20121213,13-12-2012
20121214,14-12-2012
20121215,15-12-2012
20121216,16-12-2012
20121217,17-12-2012
20121218,18-12-2012
20121219,19-12-2012
20121220,20-12-2012
20121221,21-12-2012
20121222,22-12-2012
20121223,23-12-2012
20121224,24-12-2012
20121225,25-12-2012
20121226,26-12-2012
20121227,27-12-2012
20121228,28-12-2012
20121229,29-12-2012
20121230,30-12-2012
20121231,31-12-2012
20130101,01-01-2013
20130102,02-01-2013
20130103,03-01-2013
20130104,04-01-2013
20130105,05-01-2013
20130106,06-01-2013
20130107,07-01-2013
20130108,08-01-2013
20130109,09-01-2013
20130110,10-01-2013
20130111,11-01-2013
20130112,12-01-2013
20130113,13-01-2013
20130114,14-01-2013
20130115,15-01-2013
20130116,16-01-2013
20130117,17-01-2013
20130118,18-01-2013
20130119,19-01-2013
20130120,20-01-2013
20130121,21-01-2013
20130122,22-01-2013
20130123,23-01-2013
20130124,24-01-2013
20130125,25-01-2013
20130126,26-01-2013
20130127,27-01-2013
20130128,28-01-2013
20130129,29-01-2013
20130130,30-01-2013
20130131,31-01-2013
20130201,01-02-2013
20130202,02-02-2013
20130203,03-02-2013
20130204,04-02-2013
20130205,05-02-2013
20130206,06-02-2013
20130207,07-02-2013
20130208,08-02-2013
20130209,09-02-2013
20130210,10-02-2013
20130211,11-02-2013
20130212,12-02-2013
20130213,13-02-2013
20130214,14-02-2013
20130215,15-02-2013
20130216,16-02-2013
20130217,17-02-2013
20130218,18-02-2013
20130219,19-02-2013
20130220,20-02-2013
20130221,21-02-2013
20130222,22-02-2013
20130223,23-02-2013
20130224,24-02-2013
20130225,25-02-2013
20130226,26-02-2013
20130227,27-02-2013
20130228,28-02-2013
20130301,01-03-2013
20130302,02-03-2013
20130303,03-03-2013
20130304,04-03-2013
20130305,05-03-2013
20130306,06-03-2013
20130307,07-03-2013
20130308,08-03-2013
20130309,09-03-2013
20130310,10-03-2013
20130311,11-03-2013
20130312,12-03-2013
20130313,13-03-2013
20130314,14-03-2013
20130315,15-03-2013
20130316,16-03-2013
20130317,17-03-2013
20130318,18-03-2013
20130319,19-03-2013
20130320,20-03-2013
20130321,21-03-2013
20130322,22-03-2013
20130323,23-03-2013
20130324,24-03-2013
20130325,25-03-2013
20130326,26-03-2013
20130327,27-03-2013
20130328,28-03-2013
20130329,29-03-2013
20130330,30-03-2013
20130331,31-03-2013
20130401,01-04-2013
20130402,02-04-2013
20130403,03-04-2013
20130404,04-04-2013
20130405,05-04-2013
20130406,06-04-2013
20130407,07-04-2013
20130408,08-04-2013
20130409,09-04-2013
20130410,10-04-2013
20130411,11-04-2013
20130412,12-04-2013
20130413,13-04-2013
20130414,14-04-2013
20130415,15-04-2013
20130416,16-04-2013
20130417,17-04-2013
20130418,18-04-2013
20130419,19-04-2013
20130420,20-04-2013
20130421,21-04-2013
20130422,22-04-2013
20130423,23-04-2013
20130424,24-04-2013
20130425,25-04-2013
20130426,26-04-2013
20130427,27-04-2013
20130428,28-04-2013
20130429,29-04-2013
20130430,30-04-2013
20130501,01-05-2013
20130502,02-05-2013
20130503,03-05-2013
20130504,04-05-2013
20130505,05-05-2013
20130506,06-05-2013
20130507,07-05-2013
20130508,08-05-2013
20130509,09-05-2013
20130510,10-05-2013
20130511,11-05-2013
20130512,12-05-2013
20130513,13-05-2013
20130514,14-05-2013
20130515,15-05-2013
20130516,16-05-2013
20130517,17-05-2013
20130518,18-05-2013
20130519,19-05-2013
20130520,20-05-2013
20130521,21-05-2013
20130522,22-05-2013
20130523,23-05-2013
20130524,24-05-2013
20130525,25-05-2013
20130526,26-05-2013
20130527,27-05-2013
20130528,28-05-2013
20130529,29-05-2013
20130530,30-05-2013
20130531,31-05-2013
20130601,01-06-2013
20130602,02-06-2013
20130603,03-06-2013
20130604,04-06-2013
20130605,05-06-2013
20130606,06-06-2013
20130607,07-06-2013
20130608,08-06-2013
20130609,09-06-2013
20130610,10-06-2013
20130611,11-06-2013
20130612,12-06-2013
20130613,13-06-2013
20130614,14-06-2013
20130615,15-06-2013
20130616,16-06-2013
20130617,17-06-2013
20130618,18-06-2013
20130619,19-06-2013
20130620,20-06-2013
20130621,21-06-2013
20130622,22-06-2013
20130623,23-06-2013
20130624,24-06-2013
20130625,25-06-2013
20130626,26-06-2013
20130627,27-06-2013
20130628,28-06-2013
20130629,29-06-2013
20130630,30-06-2013
20130701,01-07-2013
20130702,02-07-2013
20130703,03-07-2013
20130704,04-07-2013
20130705,05-07-2013
20130706,06-07-2013
20130707,07-07-2013
20130708,08-07-2013
20130709,09-07-2013
20130710,10-07-2013
20130711,11-07-2013
20130712,12-07-2013
20130713,13-07-2013
20130714,14-07-2013
20130715,15-07-2013
20130716,16-07-2013
20130717,17-07-2013
20130718,18-07-2013
20130719,19-07-2013
20130720,20-07-2013
20130721,21-07-2013
20130722,22-07-2013
20130723,23-07-2013
20130724,24-07-2013
20130725,25-07-2013
20130726,26-07-2013
20130727,27-07-2013
20130728,28-07-2013
20130729,29-07-2013
20130730,30-07-2013
20130731,31-07-2013
20130801,01-08-2013
20130802,02-08-2013
20130803,03-08-2013
20130804,04-08-2013
20130805,05-08-2013
20130806,06-08-2013
20130807,07-08-2013
20130808,08-08-2013
20130809,09-08-2013
20130810,10-08-2013
20130811,11-08-2013
20130812,12-08-2013
20130813,13-08-2013
20130814,14-08-2013
20130815,15-08-2013
20130816,16-08-2013
20130817,17-08-2013
20130818,18-08-2013
20130819,19-08-2013
20130820,20-08-2013
20130821,21-08-2013
20130822,22-08-2013
20130823,23-08-2013
20130824,24-08-2013
20130825,25-08-2013
20130826,26-08-2013
20130827,27-08-2013
20130828,28-08-2013
20130829,29-08-2013
20130830,30-08-2013
20130831,31-08-2013
20130901,01-09-2013
20130902,02-09-2013
20130903,03-09-2013
20130904,04-09-2013
20130905,05-09-2013
20130906,06-09-2013
20130907,07-09-2013
20130908,08-09-2013
20130909,09-09-2013
20130910,10-09-2013
20130911,11-09-2013
20130912,12-09-2013
20130913,13-09-2013
20130914,14-09-2013
20130915,15-09-2013
20130916,16-09-2013
20130917,17-09-2013
20130918,18-09-2013
20130919,19-09-2013
20130920,20-09-2013
20130921,21-09-2013
20130922,22-09-2013
20130923,23-09-2013
20130924,24-09-2013
20130925,25-09-2013
20130926,26-09-2013
20130927,27-09-2013
20130928,28-09-2013
20130929,29-09-2013
20130930,30-09-2013
20131001,01-10-2013
20131002,02-10-2013
20131003,03-10-2013
20131004,04-10-2013
20131005,05-10-2013
20131006,06-10-2013
20131007,07-10-2013
20131008,08-10-2013
20131009,09-10-2013
20131010,10-10-2013
20131011,11-10-2013
20131012,12-10-2013
20131013,13-10-2013
20131014,14-10-2013
20131015,15-10-2013
20131016,16-10-2013
20131017,17-10-2013
20131018,18-10-2013
20131019,19-10-2013
20131020,20-10-2013
20131021,21-10-2013
20131022,22-10-2013
20131023,23-10-2013
20131024,24-10-2013
20131025,25-10-2013
20131026,26-10-2013
20131027,27-10-2013
20131028,28-10-2013
20131029,29-10-2013
20131030,30-10-2013
20131031,31-10-2013
20131101,01-11-2013
20131102,02-11-2013
20131103,03-11-2013
20131104,04-11-2013
20131105,05-11-2013
20131106,06-11-2013
20131107,07-11-2013
20131108,08-11-2013
20131109,09-11-2013
20131110,10-11-2013
20131111,11-11-2013
20131112,12-11-2013
20131113,13-11-2013
20131114,14-11-2013
20131115,15-11-2013
20131116,16-11-2013
20131117,17-11-2013
20131118,18-11-2013
20131119,19-11-2013
20131120,20-11-2013
20131121,21-11-2013
20131122,22-11-2013
20131123,23-11-2013
20131124,24-11-2013
20131125,25-11-2013
20131126,26-11-2013
20131127,27-11-2013
20131128,28-11-2013
20131129,29-11-2013
20131130,30-11-2013
20131201,01-12-2013
20131202,02-12-2013
20131203,03-12-2013
20131204,04-12-2013
20131205,05-12-2013
20131206,06-12-2013
20131207,07-12-2013
20131208,08-12-2013
20131209,09-12-2013
20131210,10-12-2013
20131211,11-12-2013
20131212,12-12-2013
20131213,13-12-2013
20131214,14-12-2013
20131215,15-12-2013
20131216,16-12-2013
20131217,17-12-2013
20131218,18-12-2013
20131219,19-12-2013
20131220,20-12-2013
20131221,21-12-2013
20131222,22-12-2013
20131223,23-12-2013
20131224,24-12-2013
20131225,25-12-2013
20131226,26-12-2013
20131227,27-12-2013
20131228,28-12-2013
20131229,29-12-2013
20131230,30-12-2013
20131231,31-12-2013
20140101,01-01-2014
20140102,02-01-2014
20140103,03-01-2014
20140104,04-01-2014
20140105,05-01-2014
20140106,06-01-2014
20140107,07-01-2014
20140108,08-01-2014
20140109,09-01-2014
20140110,10-01-2014
20140111,11-01-2014
20140112,12-01-2014
20140113,13-01-2014
20140114,14-01-2014
20140115,15-01-2014
20140116,16-01-2014
20140117,17-01-2014
20140118,18-01-2014
20140119,19-01-2014
20140120,20-01-2014
20140121,21-01-2014
20140122,22-01-2014
20140123,23-01-2014
20140124,24-01-2014
20140125,25-01-2014
20140126,26-01-2014
20140127,27-01-2014
20140128,28-01-2014
20140129,29-01-2014
20140130,30-01-2014
20140131,31-01-2014
20140201,01-02-2014
20140202,02-02-2014
20140203,03-02-2014
20140204,04-02-2014
20140205,05-02-2014
20140206,06-02-2014
20140207,07-02-2014
20140208,08-02-2014
20140209,09-02-2014
20140210,10-02-2014
20140211,11-02-2014
20140212,12-02-2014
20140213,13-02-2014
20140214,14-02-2014
20140215,15-02-2014
20140216,16-02-2014
20140217,17-02-2014
20140218,18-02-2014
20140219,19-02-2014
20140220,20-02-2014
20140221,21-02-2014
20140222,22-02-2014
20140223,23-02-2014
20140224,24-02-2014
20140225,25-02-2014
20140226,26-02-2014
20140227,27-02-2014
20140228,28-02-2014
20140301,01-03-2014
20140302,02-03-2014
20140303,03-03-2014
20140304,04-03-2014
20140305,05-03-2014
20140306,06-03-2014
20140307,07-03-2014
20140308,08-03-2014
20140309,09-03-2014
20140310,10-03-2014
20140311,11-03-2014
20140312,12-03-2014
20140313,13-03-2014
20140314,14-03-2014
20140315,15-03-2014
20140316,16-03-2014
20140317,17-03-2014
20140318,18-03-2014
20140319,19-03-2014
20140320,20-03-2014
20140321,21-03-2014
20140322,22-03-2014
20140323,23-03-2014
20140324,24-03-2014
20140325,25-03-2014
20140326,26-03-2014
20140327,27-03-2014
20140328,28-03-2014
20140329,29-03-2014
20140330,30-03-2014
20140331,31-03-2014
20140401,01-04-2014
20140402,02-04-2014
20140403,03-04-2014
20140404,04-04-2014
20140405,05-04-2014
20140406,06-04-2014
20140407,07-04-2014
20140408,08-04-2014
20140409,09-04-2014
20140410,10-04-2014
20140411,11-04-2014
20140412,12-04-2014
20140413,13-04-2014
20140414,14-04-2014
20140415,15-04-2014
20140416,16-04-2014
20140417,17-04-2014
20140418,18-04-2014
20140419,19-04-2014
20140420,20-04-2014
20140421,21-04-2014
20140422,22-04-2014
20140423,23-04-2014
20140424,24-04-2014
20140425,25-04-2014
20140426,26-04-2014
20140427,27-04-2014
20140428,28-04-2014
20140429,29-04-2014
20140430,30-04-2014
20140501,01-05-2014
20140502,02-05-2014
20140503,03-05-2014
20140504,04-05-2014
20140505,05-05-2014
20140506,06-05-2014
20140507,07-05-2014
20140508,08-05-2014
20140509,09-05-2014
20140510,10-05-2014
20140511,11-05-2014
20140512,12-05-2014
20140513,13-05-2014
20140514,14-05-2014
20140515,15-05-2014
20140516,16-05-2014
20140517,17-05-2014
20140518,18-05-2014
20140519,19-05-2014
20140520,20-05-2014
20140521,21-05-2014
20140522,22-05-2014
20140523,23-05-2014
20140524,24-05-2014
20140525,25-05-2014
20140526,26-05-2014
20140527,27-05-2014
20140528,28-05-2014
20140529,29-05-2014
20140530,30-05-2014
20140531,31-05-2014
20140601,01-06-2014
20140602,02-06-2014
20140603,03-06-2014
20140604,04-06-2014
20140605,05-06-2014
20140606,06-06-2014
20140607,07-06-2014
20140608,08-06-2014
20140609,09-06-2014
20140610,10-06-2014
20140611,11-06-2014
20140612,12-06-2014
20140613,13-06-2014
20140614,14-06-2014
20140615,15-06-2014
20140616,16-06-2014
20140617,17-06-2014
20140618,18-06-2014
20140619,19-06-2014
20140620,20-06-2014
20140621,21-06-2014
20140622,22-06-2014
20140623,23-06-2014
20140624,24-06-2014
20140625,25-06-2014
20140626,26-06-2014
20140627,27-06-2014
20140628,28-06-2014
20140629,29-06-2014
20140630,30-06-2014
20140701,01-07-2014
20140702,02-07-2014
20140703,03-07-2014
20140704,04-07-2014
20140705,05-07-2014
20140706,06-07-2014
20140707,07-07-2014
20140708,08-07-2014
20140709,09-07-2014
20140710,10-07-2014
20140711,11-07-2014
20140712,12-07-2014
20140713,13-07-2014
20140714,14-07-2014
20140715,15-07-2014
20140716,16-07-2014
20140717,17-07-2014
20140718,18-07-2014
20140719,19-07-2014
20140720,20-07-2014
20140721,21-07-2014
20140722,22-07-2014
20140723,23-07-2014
20140724,24-07-2014
20140725,25-07-2014
20140726,26-07-2014
20140727,27-07-2014
20140728,28-07-2014
20140729,29-07-2014
20140730,30-07-2014
20140731,31-07-2014
20140801,01-08-2014
20140802,02-08-2014
20140803,03-08-2014
20140804,04-08-2014
20140805,05-08-2014
20140806,06-08-2014
20140807,07-08-2014
20140808,08-08-2014
20140809,09-08-2014
20140810,10-08-2014
20140811,11-08-2014
20140812,12-08-2014
20140813,13-08-2014
20140814,14-08-2014
20140815,15-08-2014
20140816,16-08-2014
20140817,17-08-2014
20140818,18-08-2014
20140819,19-08-2014
20140820,20-08-2014
20140821,21-08-2014
20140822,22-08-2014
20140823,23-08-2014
20140824,24-08-2014
20140825,25-08-2014
20140826,26-08-2014
20140827,27-08-2014
20140828,28-08-2014
20140829,29-08-2014
20140830,30-08-2014
20140831,31-08-2014
20140901,01-09-2014
20140902,02-09-2014
20140903,03-09-2014
20140904,04-09-2014
20140905,05-09-2014
20140906,06-09-2014
20140907,07-09-2014
20140908,08-09-2014
20140909,09-09-2014
20140910,10-09-2014
20140911,11-09-2014
20140912,12-09-2014
20140913,13-09-2014
20140914,14-09-2014
20140915,15-09-2014
20140916,16-09-2014
20140917,17-09-2014
20140918,18-09-2014
20140919,19-09-2014
20140920,20-09-2014
20140921,21-09-2014
20140922,22-09-2014
20140923,23-09-2014
20140924,24-09-2014
20140925,25-09-2014
20140926,26-09-2014
20140927,27-09-2014
20140928,28-09-2014
20140929,29-09-2014
20140930,30-09-2014
20141001,01-10-2014
20141002,02-10-2014
20141003,03-10-2014
20141004,04-10-2014
20141005,05-10-2014
20141006,06-10-2014
20141007,07-10-2014
20141008,08-10-2014
20141009,09-10-2014
20141010,10-10-2014
20141011,11-10-2014
20141012,12-10-2014
20141013,13-10-2014
20141014,14-10-2014
20141015,15-10-2014
20141016,16-10-2014
20141017,17-10-2014
20141018,18-10-2014
20141019,19-10-2014
20141020,20-10-2014
20141021,21-10-2014
20141022,22-10-2014
20141023,23-10-2014
20141024,24-10-2014
20141025,25-10-2014
20141026,26-10-2014
20141027,27-10-2014
20141028,28-10-2014
20141029,29-10-2014
20141030,30-10-2014
20141031,31-10-2014
20141101,01-11-2014
20141102,02-11-2014
20141103,03-11-2014
20141104,04-11-2014
20141105,05-11-2014
20141106,06-11-2014
20141107,07-11-2014
20141108,08-11-2014
20141109,09-11-2014
20141110,10-11-2014
20141111,11-11-2014
20141112,12-11-2014
20141113,13-11-2014
20141114,14-11-2014
20141115,15-11-2014
20141116,16-11-2014
20141117,17-11-2014
20141118,18-11-2014
20141119,19-11-2014
20141120,20-11-2014
20141121,21-11-2014
20141122,22-11-2014
20141123,23-11-2014
20141124,24-11-2014
20141125,25-11-2014
20141126,26-11-2014
20141127,27-11-2014
20141128,28-11-2014
20141129,29-11-2014
20141130,30-11-2014
20141201,01-12-2014
20141202,02-12-2014
20141203,03-12-2014
20141204,04-12-2014
20141205,05-12-2014
20141206,06-12-2014
20141207,07-12-2014
20141208,08-12-2014
20141209,09-12-2014
20141210,10-12-2014
20141211,11-12-2014
20141212,12-12-2014
20141213,13-12-2014
20141214,14-12-2014
20141215,15-12-2014
20141216,16-12-2014
20141217,17-12-2014
20141218,18-12-2014
20141219,19-12-2014
20141220,20-12-2014
20141221,21-12-2014
20141222,22-12-2014
20141223,23-12-2014
20141224,24-12-2014
20141225,25-12-2014
20141226,26-12-2014
20141227,27-12-2014
20141228,28-12-2014
20141229,29-12-2014
20141230,30-12-2014
20141231,31-12-2014
